"image_urls","file_name","description","category"
"https://images.unsplash.com/photo-1711635583169-faa3b29c3571","unsplash_com_images\two_people_walking_on_the_beach_at_sunset-be9803527e5467eb7635544becdae4e64b7c96dd.jpg","two people walking on the beach at sunset","Editorial"
"https://images.unsplash.com/photo-1711464512320-76e409baf7a5","unsplash_com_images\a_tree_filled_with_lots_of_pink_flowers-06b4f0b55ad61b94bbb48784155314b3ad16fb51.jpg","a tree filled with lots of pink flowers","Spring,Nature"
"https://images.unsplash.com/photo-1711530424385-27a69b96e4d5","unsplash_com_images\a_mountain_with_a_green_light_in_the_sky-88faa091bfee7adc7b8d4322fae2c482c53c24c5.jpg","a mountain with a green light in the sky","Nature,Travel,Wallpapers"
"https://images.unsplash.com/photo-1548284706-24b96b23d6d8","unsplash_com_images\full_moon-7ebb056b909672be34d53b2bb13e25f45bd374d7.jpg","full moon","Nature"
"https://images.unsplash.com/photo-1492831379069-0fe9d118b7c5","unsplash_com_images\pineapple_on_seashore-3aa353e8226a518eda851a4765aec9e21c97efbb.jpg","pineapple on seashore","Editorial,Nature,Wallpapers"
"https://images.unsplash.com/photo-1709071784840-cf3ecc434749","unsplash_com_images\a_couple_of_people_standing_on_top_of_a_cliff_next_to_the_ocean-bcb74463cf5bcbaf109a0132eaee8bccd954180c.jpg","a couple of people standing on top of a cliff next to the ocean","Editorial,Nature"
"https://images.unsplash.com/photo-1706449511703-756ffcf47634","unsplash_com_images\a_person_walking_on_a_beach_next_to_the_ocean-1b3684cf79f7db2ce2371f1d6aebd743a78c3a95.jpg","a person walking on a beach next to the ocean","Editorial,Health & Wellness,Nature"
"https://images.unsplash.com/photo-1687890174631-fa2a3e33793c","unsplash_com_images\a_lake_surrounded_by_trees_with_a_mountain_in_the_background-597eb31c5798e0baed68fb6b12b82131de566854.jpg","a lake surrounded by trees with a mountain in the background","Nature"
"https://images.unsplash.com/photo-1672825455403-47e55b8b60fa","unsplash_com_images\a_close_up_of_a_plant_with_frost_on_it-b6d422fec84f792fbb045c779b7fa2cb08cc13c0.jpg","a close up of a plant with frost on it","Nature"
"https://images.unsplash.com/photo-1672825455726-eae4a1f775f2","unsplash_com_images\a_mountain_with_a_very_dark_sky_in_the_background-050eebe20ad858a78c3c108eddf9f8eac94eb1d2.jpg","a mountain with a very dark sky in the background","Nature"
"https://images.unsplash.com/photo-1668349498362-a76281253133","unsplash_com_images\a_dirt_road_with_trees_on_either_side_of_it-6960a1faea4b06a903c6f0533ea4f078fe3611cc.jpg","a dirt road with trees on either side of it","Nature"
"https://images.unsplash.com/photo-1603666880615-2adaa7cab50c","unsplash_com_images\green_and_brown_mountain_beside_sea_during_daytime-44f37cb30bef8934521d6056c91f8116561e2d63.jpg","green and brown mountain beside sea during daytime","Editorial,Nature"
"https://images.unsplash.com/photo-1634993858998-89ff9afbda54","unsplash_com_images\a_large_iceberg_with_a_crack_in_the_middle_of_it-1f939142ad022a33a0f594da35fe6c8079fe6875.jpg","a large iceberg with a crack in the middle of it","Nature"
"https://images.unsplash.com/photo-1619458539056-19cf26358024","unsplash_com_images\brown_tree_trunk_on_snow_covered_ground_during_daytime-722399f2b2b90382d740fa5157d8cd10c685ad36.jpg","brown tree trunk on snow covered ground during daytime","Nature"
"https://images.unsplash.com/photo-1604857570014-afdd28e0ae9d","unsplash_com_images\leafless_tree_under_white_sky-7431782409548076317b49f63ff89ca5e8db518e.jpg","leafless tree under white sky","Nature"
"https://images.unsplash.com/photo-1531083387481-546bfca89105","unsplash_com_images\flock_of_whiteandbrown_birds-a3a0915d79a288fd50b88b0f66c22e2d5f1bd037.jpg","flock of white-and-brown birds","Nature,Animals"
"https://images.unsplash.com/photo-1533912295802-535da631e9d4","unsplash_com_images\birds_eye_view_of_mountain_peaks_under_blue_sky-8d7dd878b77d583c245044655ad45558eee64ae5.jpg","bird's eye view of mountain peaks under blue sky","Editorial,Nature"
"https://images.unsplash.com/photo-1518915097488-7accba4ed445","unsplash_com_images\trees_with_fog-4bf6605d9c6cbf96b91e97e3217bbf369ef29b07.jpg","trees with fog","Nature"
"https://images.unsplash.com/photo-1594561177665-052b6b4b781a","unsplash_com_images\white_pelican_on_body_of_water_during_daytime-449aa5e7ab37b9718d40df8e27852592b8c75b5c.jpg","white pelican on body of water during daytime","Editorial,Nature,Wallpapers"
"https://images.unsplash.com/photo-1674784722614-451bbad3f507","unsplash_com_images\a_large_iceberg_floating_on_top_of_a_body_of_water-ddf660ba48cca076666ced6b4fb735985a8a6915.jpg","a large iceberg floating on top of a body of water","Editorial,Nature,Blue"
"https://images.unsplash.com/photo-1594842084112-fe6d71906449","unsplash_com_images\green_tree_near_lake_during_daytime-24c11b5814c03b90d88071d50c8e0d0982c6a38f.jpg","green tree near lake during daytime","Nature,Wallpapers,Act For Nature"
"https://images.unsplash.com/photo-1507027682794-35e6c12ad5b4","unsplash_com_images\shallow_focus_of_pine_trees-1a01924df3435df5e0bc5f4a2506703bd638362c.jpg","shallow focus of pine trees","Nature"
"https://images.unsplash.com/photo-1613078676786-000bd2619d5f","unsplash_com_images\green_palm_tree_under_blue_sky_during_daytime-02e7b2d71f89996cebdfb610734a69a5c5f6abe9.jpg","green palm tree under blue sky during daytime","Editorial,Nature,Wallpapers"
"https://images.unsplash.com/photo-1644780295307-eab5f4f430a3","unsplash_com_images\a_person_riding_a_surfboard_on_a_wave_in_the_ocean-37c0d899516579f3b24f18fc1d31a056d96cb16c.jpg","a person riding a surfboard on a wave in the ocean","Editorial,Nature,Wallpapers"
"https://images.unsplash.com/photo-1632739186203-d42f6ee72f60","unsplash_com_images\a_person_holding_a_martini_glass_with_a_lime_slice_on_it-35ba478edf7d3912db98c506c1282bb3bf7b7e6a.jpg","a person holding a martini glass with a lime slice on it","Wallpapers"
"https://images.unsplash.com/photo-1594862567941-6df4e47f433b","unsplash_com_images\green_palm_tree_under_white_sky_during_daytime-00c7747df853d23549be8d6fd8d6f75fee615dcc.jpg","green palm tree under white sky during daytime","Editorial,Wallpapers"
"https://images.unsplash.com/photo-1502784444187-359ac186c5bb","unsplash_com_images\aerial_view_of_two_blue_boats-aa1aa0cdd8f9f3615f11962906f657ac32171116.jpg","aerial view of two blue boats","Editorial,Travel,Wallpapers"
"https://images.unsplash.com/photo-1709983966012-d029ecc43684","unsplash_com_images\three_flowers_in_a_vase_on_a_table-37e5d3dc85c91f089c22318c85fbe2c572376d95.jpg","three flowers in a vase on a table","Editorial,Wallpapers"
"https://images.unsplash.com/photo-1711116179182-18cede601361","unsplash_com_images\a_large_body_of_water_surrounded_by_land-6c7ba54219870aa4b0cd0bcd7a97dfb2d708a6d7.jpg","a large body of water surrounded by land","Travel,Wallpapers"
"https://images.unsplash.com/photo-1654962900838-bd872b71dfa3","unsplash_com_images\a_dandelion_flower_with_a_dark_background-44b60bf19215592c0feed4c7790d5cde26f51f85.jpg","a dandelion flower with a dark background","Editorial,Nature,Experimental"
"https://images.unsplash.com/photo-1628810786224-35505df32288","unsplash_com_images\green_leaf_plant_with_black_background-d07afd76548402b119cbc1568076ba57bd76c5cb.jpg","green leaf plant with black background","Nature,Wallpapers"
"https://images.unsplash.com/photo-1706449512330-efd9ed50990a","unsplash_com_images\a_person_riding_a_motorcycle_on_a_sandy_beach-4fea195cbf25b0f11a816de18485d23d223cf10e.jpg","a person riding a motorcycle on a sandy beach","Editorial,Travel,Wallpapers"
"https://images.unsplash.com/photo-1585688982633-50fe58c50f42","unsplash_com_images\green_tree_on_green_grass_field_under_blue_sky_during_daytime-794226c20572e01d25cf35d012a607c5a6c23898.jpg","green tree on green grass field under blue sky during daytime","Wallpapers"
"https://images.unsplash.com/photo-1599718568661-be018b78b537","unsplash_com_images\river_in_the_middle_of_green_grass_covered_hill-4ec52655a62ea447dd983ac5fc989133164277bf.jpg","river in the middle of green grass covered hill","Nature,Wallpapers"
"https://images.unsplash.com/photo-1598353005288-63e559a00c7b","unsplash_com_images\black_stones_on_seashore_during_daytime-43e6570274f03697094e914f4b1fda1398287ae2.jpg","black stones on seashore during daytime","Editorial,Nature,Wallpapers"
"https://images.unsplash.com/photo-1474690455603-a369ec1293f9","unsplash_com_images\white_concrete_building_beside_green_palm_tree_under_white_sky_during_daytime-1159b7981069c293d9c499c1916d33d103a6797d.jpg","white concrete building beside green palm tree under white sky during daytime","Editorial,Travel,Wallpapers"
"https://images.unsplash.com/photo-1705037197182-4d8197173080","unsplash_com_images\a_blue_and_white_photo_of_water_and_snow-45d86868e1ee0e2d6dde7e1c182dd258bfa193cc.jpg","a blue and white photo of water and snow","Editorial,Nature,Experimental"
"https://images.unsplash.com/photo-1572953745960-14685e3e9b49","unsplash_com_images\green_palm_plant-88a1671632a32b3131a47832c7a1a9c194dc2781.jpg","green palm plant","Wallpapers"
"https://images.unsplash.com/photo-1696789738783-0f972304597e","unsplash_com_images\a_rocky_mountain_range_with_a_trail_going_through_it-69573e71d1528e137fb0bb99b6720fe64237534b.jpg","a rocky mountain range with a trail going through it","Editorial,Nature,Wallpapers"
"https://images.unsplash.com/photo-1447522760800-59f967f9083e","unsplash_com_images\iceberg_on_body_of_water-64f0c9351bd738e8dc900ad3ebe1da6f53f87f63.jpg","iceberg on body of water","Editorial,Wallpapers"
"https://images.unsplash.com/photo-1711478989949-515bc5bfcdfd","unsplash_com_images\a_close_up_of_a_tree_with_white_flowers-a26df48805761892f5b80cbf23685953006ef40b.jpg","a close up of a tree with white flowers","Spring,Nature"
"https://images.unsplash.com/photo-1711464512438-ef37a70a88b4","unsplash_com_images\a_close_up_of_a_flower_with_a_sky_background-c49d53c6254233f9ebacd7d1ae94970241da4790.jpg","a close up of a flower with a sky background","Spring"
"https://images.unsplash.com/photo-1711528530105-54b7d6661a62","unsplash_com_images\a_tree_with_lots_of_pink_flowers_on_it-de359f5415e873a9811af0840824847c550fd6d5.jpg","a tree with lots of pink flowers on it","Spring"
"https://images.unsplash.com/photo-1679746584553-8b122917425c","unsplash_com_images\a_very_large_building_with_a_very_tall_ceiling-f2ddf94fe9dcc51339b3cc865711456ad0584f66.jpg","a very large building with a very tall ceiling","Editorial,Wallpapers,Architecture & Interiors"
"https://images.unsplash.com/photo-1711528530097-fca3a9d96c27","unsplash_com_images\a_bird_is_sitting_on_a_branch_of_a_tree-ef3914c36c179528148ff9159140f8c8940b4617.jpg","a bird is sitting on a branch of a tree","Spring,Film"
"https://images.unsplash.com/photo-1523882306-e6c4d55f8b8d","unsplash_com_images\flower_field-92d6e4e58e0e88c16ece30b6ac905ea460f5df30.jpg","flower field","Spring"
"https://images.unsplash.com/photo-1580770768125-dc5af5fadd1e","unsplash_com_images\pink_and_green_tulips_on_white_background-c8c2bb92a7c11aa2c3ce9894dcd9fd4b74fb93ae.jpg","pink and green tulips on white background","Spring"
"https://images.unsplash.com/photo-1711357303863-7073a6dcdf81","unsplash_com_images\a_large_tree_in_the_middle_of_a_field_of_flowers-a6bf26c0d95db61c84b3de7efe457015deb130bc.jpg","a large tree in the middle of a field of flowers","Spring"
"https://images.unsplash.com/photo-1708332899982-b3ac42d87749","unsplash_com_images\a_bird_sitting_on_top_of_a_tall_pole-34c05f3894731a49cc6a6077b6b2b70e780f8ec8.jpg","a bird sitting on top of a tall pole","Spring"
"https://images.unsplash.com/photo-1711467803094-949587c8a2cf","unsplash_com_images\a_close_up_of_a_tree_with_yellow_flowers-d7578ea13173aa65dde136d01b0756f596da08d6.jpg","a close up of a tree with yellow flowers","Spring"
"https://images.unsplash.com/photo-1494247622028-9a5bbfbf529a","unsplash_com_images\gray_and_white_bird_perching_on_branch-a93a3103fd08933864ba751b1909e5d0d5524687.jpg","gray and white bird perching on branch","Editorial,Spring,Nature"
"https://images.unsplash.com/photo-1711274092494-a31caaeaf39f","unsplash_com_images\a_field_of_yellow_flowers_with_green_leaves-c0862d5df5ce61fc9cccff9656fbb170dfd29b27.jpg","a field of yellow flowers with green leaves","Spring"
"https://images.unsplash.com/photo-1684162440652-107bf47ab89b","unsplash_com_images\a_bunch_of_daisies_are_growing_in_the_grass-de10a825053b3b6cebb28fcccb21850107e7a116.jpg","a bunch of daisies are growing in the grass","Editorial,Spring,Nature"
"https://images.unsplash.com/photo-1656364606454-817f8f89e8d3","unsplash_com_images\a_group_of_red_flowers-48bfaa272e90f1d6edc04e71c1e355f5d74445b8.jpg","a group of red flowers","Spring"
"https://images.unsplash.com/photo-1488702953093-ac0820558db2","unsplash_com_images\yellow_flowers_under_clear_blue_sky_during_daytime-8b18dfd193bb23c9806b40706662bba967825bce.jpg","yellow flowers under clear blue sky during daytime","Editorial,Spring"
"https://images.unsplash.com/photo-1711638241167-796a782bd3f4","unsplash_com_images\a_vase_filled_with_lots_of_different_colored_flowers-d6523dbff9e22389ae29676845723bf4616295af.jpg","a vase filled with lots of different colored flowers","Editorial"
"https://images.unsplash.com/photo-1710798693240-e955db6603d4","unsplash_com_images\the_washington_monument_is_in_the_background_of_cherry_blossoms-277bb3cdb7d412faf4b25537fc9f5c5d4fa04608.jpg","the washington monument is in the background of cherry blossoms","Spring"
"https://images.unsplash.com/photo-1711634016862-e3bafdf3ff36","unsplash_com_images\cars_parked_on_the_side_of_a_road_lined_with_trees-eb19cbdb9ba2d4cdf0d99adfbf151c2c6e24743e.jpg","cars parked on the side of a road lined with trees","Spring"
"https://images.unsplash.com/photo-1711498102411-2aa47cf44f3b","unsplash_com_images\a_green_smoke_bomb_is_coming_out_of_a_fountain-e07a910bd0d2bbfdade0c1bf24d8e56db9b01dad.jpg","a green smoke bomb is coming out of a fountain","Editorial,Experimental"
"https://images.unsplash.com/photo-1711385477003-1b4d8cd3bbf0","unsplash_com_images\a_man_and_a_woman_laying_on_a_blanket-177fc169706e477271093d5e08eb3aad23ef1956.jpg","a man and a woman laying on a blanket","Editorial"
"https://images.unsplash.com/photo-1711034724148-804e4fdf576f","unsplash_com_images\an_abstract_image_of_white_cubes_and_lines-9458e03be4cd1ccf3382aa8b64f82af85197e451.jpg","an abstract image of white cubes and lines","Editorial"
"https://images.unsplash.com/photo-1711627295683-d73c279604f7","unsplash_com_images\a_man_and_a_woman_standing_next_to_each_other_in_front_of_a_building-771c629f98671012ffb2e8bb7d782a742cd5bb60.jpg","a man and a woman standing next to each other in front of a building","Editorial"
"https://images.unsplash.com/photo-1711539924834-06816347ff2a","unsplash_com_images\a_group_of_people_walking_down_a_street_at_night-b5d4df150b39cf4143b1347f5d48d667eb688cd6.jpg","a group of people walking down a street at night","Editorial"
"https://images.unsplash.com/photo-1711560705614-0bf664b26f58","unsplash_com_images\a_very_large_and_colorful_object_in_the_sky-d856cead6a60b0c9321324fec26c8b126b4ccf96.jpg","a very large and colorful object in the sky","Editorial"
"https://images.unsplash.com/photo-1711479874159-17f67dea4465","unsplash_com_images\a_painting_of_a_pink_and_blue_tree_in_a_park-988c0acdfed539b2f504b92208ea3034f2dd77e4.jpg","a painting of a pink and blue tree in a park","Editorial"
"https://images.unsplash.com/photo-1711631139867-199196f6d7e8","unsplash_com_images\the_sun_is_setting_over_a_snowy_landscape-f64195772175e8b370ede0ef304e2a7252ff3468.jpg","the sun is setting over a snowy landscape","Editorial"
"https://images.unsplash.com/photo-1711654106922-f44ee5df26ba","unsplash_com_images\a_couple_of_trees_that_are_standing_in_the_grass-84d4f2d4d624be598cfe98ca2dd606ccb082b3d0.jpg","a couple of trees that are standing in the grass","Editorial"
"https://images.unsplash.com/photo-1711376330772-9117a7217694","unsplash_com_images\an_infrared_image_of_a_field_with_a_train_in_the_distance-43501b85e2830104f9a16314ad74c493e334f2e4.jpg","an infrared image of a field with a train in the distance","Editorial,Experimental"
"https://images.unsplash.com/photo-1711558025413-6fea19d86fc5","unsplash_com_images\a_close_up_of_a_red_and_yellow_liquid-717faa03b3a3ca9f5c50a9907b4e2f72deb2f6a0.jpg","a close up of a red and yellow liquid","Editorial"
"https://images.unsplash.com/photo-1711669670318-689b1cbfae70","unsplash_com_images\a_man_with_long_hair_and_a_beard-aafb95a530962e6e8111660433f73df7769bbf19.jpg","a man with long hair and a beard","Editorial"
"https://images.unsplash.com/photo-1708165725218-3a37c2165755","unsplash_com_images\a_man_dressed_in_armor_standing_in_tall_grass-d30fd2e325db422f81a69e5442e06cdbb87d0074.jpg","a man dressed in armor standing in tall grass","Editorial,Current Events"
"https://images.unsplash.com/photo-1706674060397-f16f44cef086","unsplash_com_images\a_group_of_young_people_playing_a_game_of_basketball-9da747ad0ab8beac74b55cc88f2f08a9dd6f7135.jpg","a group of young people playing a game of basketball","Sports"
"https://images.unsplash.com/photo-1683105169704-f9077f21c16b","unsplash_com_images\a_man_with_a_tattoo_on_his_arm_standing_in_a_ring-2fb5e6c52fba8f6a814c666bb16fd1a1e7a974f6.jpg","a man with a tattoo on his arm standing in a ring","Sports"
"https://images.unsplash.com/photo-1711344348501-7d14843b32e6","unsplash_com_images\a_couple_of_people_riding_on_the_back_of_dirt_bikes-a856abd39a61afea17c05309f5ed3fab96c43411.jpg","a couple of people riding on the back of dirt bikes","Sports"
"https://images.unsplash.com/photo-1526096478311-ff9cf8d38693","unsplash_com_images\woman_jumping_on_body_of_water_near_trees_during_daytime-256d3182319d125f22d38c60ef034a6b57b3306b.jpg","woman jumping on body of water near trees during daytime","Sports,Health & Wellness,Girls vs. Stereotypes"
"https://images.unsplash.com/photo-1706449512085-6585a0c9f072","unsplash_com_images\a_red_surfboard_sitting_on_top_of_a_rocky_beach-2d1853d112b2db8471474d9de5bf9cf3167f04f6.jpg","a red surfboard sitting on top of a rocky beach","Editorial,Sports"
"https://images.unsplash.com/photo-1500397822960-47532107e0e4","unsplash_com_images\man_playing_with_his_skateboard_on_play_yard_during_daytime-39208d8a47f1ab2c8c6767e838a69abf71efcb03.jpg","man playing with his skateboard on play yard during daytime","Sports"
"https://images.unsplash.com/photo-1526420463306-5124b0d03be4","unsplash_com_images\man_riding_surfboard_and_making_tricks-cc2c21e87b66acc7053f4e0796943045929661a1.jpg","man riding surfboard and making tricks","Sports"
"https://images.unsplash.com/photo-1708548279380-a60ee2f0f21c","unsplash_com_images\two_men_standing_on_a_tennis_court_holding_racquets-6eb40bb55de002a2b08f16e971663e66cef58bdc.jpg","two men standing on a tennis court holding racquets","Sports"
"https://images.unsplash.com/photo-1655858064792-eeb7cbd6e9d5","unsplash_com_images\a_boy_riding_a_bicycle-98891a3ecdfe55376128a3a9b7fe7598160016a4.jpg","a boy riding a bicycle","Sports"
"https://images.unsplash.com/photo-1499676988064-a3779763470e","unsplash_com_images\man_playing_skateboard_on_gray_concrete_stairs-b9b1133ef647834ac2bcad596e291a16cc70c698.jpg","man playing skateboard on gray concrete stairs","Editorial,Sports"
"https://images.unsplash.com/photo-1607962252666-2c33af3c6ba6","unsplash_com_images\woman_in_green_tank_top_and_black_shorts_doing_yoga_during_daytime-a3e3e8644392797f275358fd5ba5c04faa3c1dc4.jpg","woman in green tank top and black shorts doing yoga during daytime","Sports"
"https://images.unsplash.com/photo-1639557487974-3cfcd43ac055","unsplash_com_images\a_man_climbing_up_the_side_of_a_cliff-6df69c7512712b00fc79256b204a6e0b4e721fa7.jpg","a man climbing up the side of a cliff","Sports"
"https://images.unsplash.com/photo-1710942272377-22ee69803e8e","unsplash_com_images\a_group_of_people_riding_skis_down_a_snow_covered_slope-7b0d19ab3224ddaf01c87f44648d2fb131b076e4.jpg","a group of people riding skis down a snow covered slope","Editorial,Sports,Earth Hour"
"https://images.unsplash.com/photo-1648464676756-1ca51d0c4688","unsplash_com_images\a_fire_blazing_in_the_sky_over_a_forest-5bfb28922432bb725776ede08ed7ddc44456979e.jpg","a fire blazing in the sky over a forest","Current Events"
"https://images.unsplash.com/photo-1648464680431-ac400e806714","unsplash_com_images\a_plane_flying_through_a_cloud_of_smoke-505dca4bdc8aea66924184141f9853b3b76760a5.jpg","a plane flying through a cloud of smoke","Current Events"
"https://images.unsplash.com/photo-1638254627262-da1d4c0b0407","unsplash_com_images\a_man_laying_on_top_of_a_large_rock-c0c269fc5f59420bcaf573542f66294a14b18a8a.jpg","a man laying on top of a large rock","Sports,Health & Wellness"
"https://images.unsplash.com/photo-1708811409094-3b2492605547","unsplash_com_images\a_man_sitting_on_a_bike_in_front_of_an_ambulance-deb8ced1a13f534dbfd797fcb715b4436ee62118.jpg","a man sitting on a bike in front of an ambulance","Current Events"
"https://images.unsplash.com/photo-1619303642113-fe8576da3f5b","unsplash_com_images\man_in_black_shorts_carrying_white_surfboard_walking_on_beach_during_daytime-ebab5bc976231206090ebd0950e586c317f3e1a7.jpg","man in black shorts carrying white surfboard walking on beach during daytime","Editorial,Sports"
"https://images.unsplash.com/photo-1710022115470-9a6c05ce5a28","unsplash_com_images\a_large_building_that_has_been_torn_down-b53de6889caec7b0d874a0d54fd137077c916089.jpg","a large building that has been torn down","Current Events"
"https://images.unsplash.com/photo-1709745516738-1df9da56918e","unsplash_com_images\a_group_of_people_standing_around_a_pile_of_flowers-59867408734a9bce3b95d8b780b5d3088793f284.jpg","a group of people standing around a pile of flowers","Current Events"
"https://images.unsplash.com/photo-1710022115644-fcc15bede6a6","unsplash_com_images\a_car_that_is_sitting_in_the_middle_of_a_rubble-2623cdcd22d7356b50598248faa9c39236387dcc.jpg","a car that is sitting in the middle of a rubble","Current Events"
"https://images.unsplash.com/photo-1710127790073-41585bcba6fc","unsplash_com_images\a_group_of_people_standing_next_to_each_other-2f73768923b571845816eca65bd6344051978e37.jpg","a group of people standing next to each other","Current Events"
"https://images.unsplash.com/photo-1710127789920-1c0629855c1f","unsplash_com_images\a_crowd_of_people_holding_canadian_and_canadian_flags-07aae852c9eac305019bca290b88a65df104d6ca.jpg","a crowd of people holding canadian and canadian flags","Current Events"
"https://images.unsplash.com/photo-1710127790040-db15b945a7b9","unsplash_com_images\a_person_walking_across_a_cross_walk_in_a_city-01f71ec14ac33a45f84c5fb733df5f1533982859.jpg","a person walking across a cross walk in a city","Current Events"
"https://images.unsplash.com/photo-1710794222461-3e85d720322f","unsplash_com_images\a_woman_holding_a_flag_in_a_crowd_of_people-7e0825213eb5ac60dfdcae503fe264498b0af20b.jpg","a woman holding a flag in a crowd of people","Current Events"
"https://images.unsplash.com/photo-1710794222419-73db9e0ab43c","unsplash_com_images\a_group_of_people_walking_down_a_street_holding_flags-57931c21bd227a12fe358ae9055f8f4985b1679a.jpg","a group of people walking down a street holding flags","Current Events"
"https://images.unsplash.com/photo-1710196003177-e8584ca305d9","unsplash_com_images\a_group_of_people_standing_on_a_sidewalk_holding_signs-dc75a95b35ecab3dc5e98a81a5643b4df3cdc2da.jpg","a group of people standing on a sidewalk holding signs","Current Events"
"https://images.unsplash.com/photo-1710794222452-ba2c3dc0e6d4","unsplash_com_images\a_group_of_people_holding_signs_and_standing_on_a_street-81a1386a26d6f9167b5de1062a4fe18bf7b097a3.jpg","a group of people holding signs and standing on a street","Current Events"
"https://images.unsplash.com/photo-1710196003285-3a4204ad39e0","unsplash_com_images\a_man_holding_a_sign_in_front_of_a_crowd_of_people-f35f76c528287e44100d1cb3a0876c5defcbacd6.jpg","a man holding a sign in front of a crowd of people","Current Events"
"https://images.unsplash.com/photo-1710794222452-a57798a66157","unsplash_com_images\a_woman_is_holding_a_flag_and_a_cell_phone-c75a497b45cfd0f30c4e54ca4f30cce391535138.jpg","a woman is holding a flag and a cell phone","Current Events"
"https://images.unsplash.com/photo-1710794222375-28556b0ee400","unsplash_com_images\a_couple_of_people_walking_down_a_sidewalk-dae9de0a4245ab3c9ea68634bcc8600b0312418b.jpg","a couple of people walking down a sidewalk","Current Events"
"https://images.unsplash.com/photo-1710787825719-23c840a8d0ce","unsplash_com_images\a_group_of_rainbow_colored_flags_blowing_in_the_wind-7cee7910233e6f06162757aa9c765b1aaa41349d.jpg","a group of rainbow colored flags blowing in the wind","Current Events"
"https://images.unsplash.com/photo-1710361673722-2253d9c1bd51","unsplash_com_images\a_person_placing_a_red_poppy_on_a_wreath-711a5295e60e5793864e0a27e874e09eb417d13a.jpg","a person placing a red poppy on a wreath","Current Events"
"https://images.unsplash.com/photo-1711120543805-37d8630501bd","unsplash_com_images\a_group_of_people_holding_up_signs_in_the_air-30ee6df87172f0178ea174e26b59de94bae732d1.jpg","a group of people holding up signs in the air","Current Events"
"https://images.unsplash.com/photo-1522160196-1a0efa63778d","unsplash_com_images\person_pouring_water_into_green_sauce-2fe0d3777359d7d7eb59971273ddc9704c1747c5.jpg","person pouring water into green sauce","Food & Drink"
"https://images.unsplash.com/photo-1645027002469-c02c47491e33","unsplash_com_images\a_woman_wearing_a_white_dress_and_a_hat-3a6b8e04a226e4b946526d527858a79296aa0fa2.jpg","a woman wearing a white dress and a hat","Editorial,Health & Wellness,Spirituality"
"https://images.unsplash.com/photo-1573502641713-edc392a0ef30","unsplash_com_images\fries_with_cheese_burger-8284c03978f4f93fd987a0ba1542faef321407bb.jpg","fries with cheese burger","Editorial,Food & Drink"
"https://images.unsplash.com/photo-1710174800685-d4687786642b","unsplash_com_images\a_tall_building_with_a_hole_in_the_side_of_it-9af58b41be038cb1b471050073948008355c0b5b.jpg","a tall building with a hole in the side of it","Business & Work"
"https://images.unsplash.com/photo-1710174800654-9e6d6b462ecc","unsplash_com_images\a_row_of_buildings_in_a_city_with_a_green_roof-bcfa56a4799f71776f3cd41a7d7a655f99386f97.jpg","a row of buildings in a city with a green roof","Business & Work"
"https://images.unsplash.com/photo-1710097875002-64dd30291817","unsplash_com_images\a_yellow_crane_with_a_red_sign_on_it-c29bfc03a7b9a060a6667dc93c9d5f51f4bfcd4f.jpg","a yellow crane with a red sign on it","Business & Work"
"https://images.unsplash.com/photo-1710959781827-5fe4b8f058b2","unsplash_com_images\a_laptop_computer_sitting_on_top_of_a_wooden_table-bc51bad34ad3e150e396b85985aba8771ce2c715.jpg","a laptop computer sitting on top of a wooden table","Business & Work"
"https://images.unsplash.com/photo-1711027466888-4b09fb9e994f","unsplash_com_images\a_smartphone_with_the_google_logo_on_it-3ecfa5683466552754e209bfad9b107c3d8d4e71.jpg","a smartphone with the google logo on it","Business & Work"
"https://images.unsplash.com/photo-1709661683865-cd1a0577fde3","unsplash_com_images\a_man_riding_a_motorcycle_down_a_street_next_to_tall_buildings-ef1857543ab42f3e6442e069480542bec90c5865.jpg","a man riding a motorcycle down a street next to tall buildings","Street Photography,Business & Work"
"https://images.unsplash.com/photo-1526413138270-8e3dedaecf19","unsplash_com_images\woman_listening_on_black_headphones-fea41b23bc8ac2bb9107bde66406f3e934e027ea.jpg","woman listening on black headphones","Editorial,Fashion & Beauty,People"
"https://images.unsplash.com/photo-1613292252537-be6ada176e0e","unsplash_com_images\woman_in_orange_sleeveless_top_sitting_on_couch-4e18691d92199f98f336c071b0c545019cdfaef5.jpg","woman in orange sleeveless top sitting on couch","Business & Work"
"https://images.unsplash.com/photo-1609353898029-d5408b6a93ec","unsplash_com_images\white_samsung_galaxy_tab_on_white_table-ac9b1c38c7b128ebbd7a59300d9fa697b5c783e4.jpg","white samsung galaxy tab on white table","Editorial,Health & Wellness,Business & Work"
"https://images.unsplash.com/photo-1608048608477-30389696fdc1","unsplash_com_images\person_holding_blue_sticky_note_beside_macbook_pro-54874410a2cecb0d048566aa01a979d39f60761b.jpg","person holding blue sticky note beside macbook pro","Editorial,Business & Work,Back To School"
"https://images.unsplash.com/photo-1578242174372-e26b3681587f","unsplash_com_images\black_Android_smartphone-757543a6dd9a350fd096e5ea41adb3c2a9ab2501.jpg","black Android smartphone","Editorial,Business & Work"
"https://images.unsplash.com/photo-1711356027574-4a403218d133","unsplash_com_images\a_person_holding_a_camera_in_front_of_a_computer-c91b5fe9a187b4b2073009a79199180b38b11a86.jpg","a person holding a camera in front of a computer","Business & Work"
"https://images.unsplash.com/photo-1522092994069-88b0b37f6dde","unsplash_com_images\books_on_round_white_table-8e9c9d66b612f24e3005b272dcfe43bebf574a65.jpg","books on round white table","Editorial,Business & Work"
"https://images.unsplash.com/photo-1487611538571-d4ae16c57771","unsplash_com_images\an_apple_watch_a_cell_phone_and_a_laptop_on_a_desk-f69337d85a7cb5a714ad6fd64f3cced6fdb7d040.jpg","an apple watch, a cell phone, and a laptop on a desk","Editorial,Business & Work,Technology"
"https://images.unsplash.com/photo-1507009977554-470051a8d4d9","unsplash_com_images\person_in_white_apron_baking_flatbread-55577bf2272c2a14b46d3e6e752c2f3f08d969bc.jpg","person in white apron baking flatbread","Editorial,Food & Drink"
"https://images.unsplash.com/photo-1530203086215-af8d8fa60f64","unsplash_com_images\selective_focus_photography_of_brown_Illy_bottle_on_table-864aea33a5af6ae5c9553102deac69f32cd76da3.jpg","selective focus photography of brown Illy bottle on table","Editorial,Food & Drink"
"https://images.unsplash.com/photo-1711409157399-c30644ca2086","unsplash_com_images\a_table_topped_with_oranges_and_watermelon_slices-7fc05002e9b71a6b4b138c280eab265082e1dd2c.jpg","a table topped with oranges and watermelon slices","Food & Drink"
"https://images.unsplash.com/photo-1625577379990-ed6457d8beb0","unsplash_com_images\orange_fruit_on_brown_box-1daa8d8a00880cbca5afa4657a210529250b1882.jpg","orange fruit on brown box","Health & Wellness,Food & Drink"
"https://images.unsplash.com/photo-1645693092091-6c73f33a4b05","unsplash_com_images\a_person_holding_a_wine_glass_in_their_hand-d78d6f5bec6aafd08ba708202ec279e69cd7cfed.jpg","a person holding a wine glass in their hand","Editorial,Food & Drink"
"https://images.unsplash.com/photo-1542814744-5f6b075c051c","unsplash_com_images\vegetables_on_table-7d32a77f194800fa8698b45b563e31b98fc6b03c.jpg","vegetables on table","Food & Drink"
"https://images.unsplash.com/photo-1439127989242-c3749a012eac","unsplash_com_images\closeup_photography_of_red_cherry-dfb1e15484e9b48de4c39940f3517c30f44d572a.jpg","closeup photography of red cherry","Editorial,Health & Wellness,Food & Drink"
"https://images.unsplash.com/photo-1624300603538-1207400f4116","unsplash_com_images\white_ceramic_plate_with_brown_and_white_cake-04bfd69175261ef6b5e87e4684c8e5fb5c6f9aa9.jpg","white ceramic plate with brown and white cake","Editorial,Food & Drink"
"https://images.unsplash.com/photo-1618450684024-55f2d7b7740a","unsplash_com_images\person_holding_yellow_round_fruit-0e73a8fc1964e54d110883a1803a141d50c4525f.jpg","person holding yellow round fruit","Editorial,Health & Wellness,Food & Drink"
"https://images.unsplash.com/photo-1674491600621-3f88369951ce","unsplash_com_images\a_person_holding_a_cookie_with_marshmallows_on_top-825cad2b3d8c6f867a6509a6c8638c006de4ea00.jpg","a person holding a cookie with marshmallows on top","Editorial,Food & Drink"
"https://images.unsplash.com/photo-1662469863610-0cf8b6e68159","unsplash_com_images\a_bowl_of_soup_with_a_leaf_on_top-32e0e4e5ef97d722851509a6d8d5284703c9cb91.jpg","a bowl of soup with a leaf on top","Editorial,Food & Drink"
"https://images.unsplash.com/photo-1590005194861-af70fa800956","unsplash_com_images\pink_ceramic_mug_with_love_print-8c4d5ed31d660d23f92e71f2c5c68863c803b4a4.jpg","pink ceramic mug with love print","Editorial,Health & Wellness,Experimental"
"https://images.unsplash.com/photo-1698833993350-408f5a0446d6","unsplash_com_images\a_black_and_white_photo_of_a_man_in_a_suit-dc082e7024fd32de7eafe655e34031672bd5d79e.jpg","a black and white photo of a man in a suit","Health & Wellness,Fashion & Beauty,People"
"https://images.unsplash.com/photo-1579291465308-fba6c5db2dfe","unsplash_com_images\person_holding_brown_clay_pot-acf97b7d614a4deedb73b3ebb24138be8b0701a5.jpg","person holding brown clay pot","Health & Wellness"
"https://images.unsplash.com/photo-1699663013793-87f72b5aeff4","unsplash_com_images\a_person_holding_a_basketball_in_their_hand-a44447fb40f0ba0efe6d9115d2f0f086071942b9.jpg","a person holding a basketball in their hand","Editorial,Sports,Health & Wellness"
"https://images.unsplash.com/photo-1676275198667-dc0401d89bf8","unsplash_com_images\a_woman_is_sitting_on_a_rock_by_the_water-046f79bfbf99d3fb2ddea6b584671d7abc9c95b4.jpg","a woman is sitting on a rock by the water","Editorial,Health & Wellness,People"
"https://images.unsplash.com/photo-1708877385565-d962cc6fc330","unsplash_com_images\a_woman_holding_a_wine_glass_in_her_hand-7bfbfad73de1eb81d44e743cf0a88ac2957d448b.jpg","a woman holding a wine glass in her hand","Health & Wellness,UGC"
"https://images.unsplash.com/photo-1462926703708-44ab9e271d97","unsplash_com_images\man_standing_on_black_rock_surrounded_body_of_water-3f4e4fb4e36e11ba010fed8aaccdeb05cc40d5cb.jpg","man standing on black rock surrounded body of water","Editorial,Health & Wellness"
"https://images.unsplash.com/photo-1598544365961-ef41ae9129b5","unsplash_com_images\woman_in_black_bikini_sitting_on_rock_near_body_of_water_during_daytime-50d56f1365d0027f4e86469e4ce4a4d824fbb9af.jpg","woman in black bikini sitting on rock near body of water during daytime","Editorial,Health & Wellness,Experimental"
"https://images.unsplash.com/photo-1633616656958-c68fc1501f23","unsplash_com_images\a_person_laying_in_a_field_of_grass-4c952f91c5a775d93f4f97ad8e9b9eb0b8d50da9.jpg","a person laying in a field of grass","Editorial,Health & Wellness,Experimental"
"https://images.unsplash.com/photo-1710149172763-de07b0f8b9c6","unsplash_com_images\a_woman_in_a_yellow_shirt_holding_a_pill-8cfec51e87b71614a1a48f0458e6304f5839714c.jpg","a woman in a yellow shirt holding a pill","Health & Wellness"
"https://images.unsplash.com/photo-1455637401266-6c6ae8d7f11a","unsplash_com_images\woman_about_to_wear_beige_knit_sweater_under_white_cloudy_sky-647dc31b7453aedb833ed607fdc637736e3795ac.jpg","woman about to wear beige knit sweater under white cloudy sky","Editorial,Health & Wellness"
"https://images.unsplash.com/photo-1592160884144-921e26cb84e2","unsplash_com_images\woman_in_white_dress_holding_camera_standing_on_green_grass_field_during_sunset-16775de10404088655a84ae433d45e3e91e02de3.jpg","woman in white dress holding camera standing on green grass field during sunset","Editorial,Health & Wellness,People"
"https://images.unsplash.com/photo-1591567462086-5563d5e2555c","unsplash_com_images\persons_feet_on_water-fa3bdd48308c0a2e470db75ee9bd9e4b79465b5a.jpg","persons feet on water","Editorial,Health & Wellness,Spirituality"
"https://images.unsplash.com/photo-1680171012656-f6ec2c18e392","unsplash_com_images\a_person_jumping_in_the_air_on_a_skateboard-5e3830313e90d7578c15e009cf88b395b867ef6f.jpg","a person jumping in the air on a skateboard","Editorial,Fashion & Beauty,Spirituality"
"https://images.unsplash.com/photo-1676536162758-52ee8be0173d","unsplash_com_images\a_white_reception_area_with_a_plant_hanging_from_the_ceiling-8081505ba8d8a08bd4c61dc3db670f03d977d674.jpg","a white reception area with a plant hanging from the ceiling","Editorial,3D Renders,Spirituality"
"https://images.unsplash.com/photo-1602266337705-e304967da84d","unsplash_com_images\2_women_sitting_on_bench_during_daytime-b1de22e0a5dbccff1cfcdd78cbf75b4624382ccc.jpg","2 women sitting on bench during daytime","People"
"https://images.unsplash.com/photo-1711504039975-47a6f424d8b4","unsplash_com_images\a_group_of_women_standing_next_to_each_other_holding_hairdryers-27d02fdbe740c56f8b4b89d0bab0cdf63ea13938.jpg","a group of women standing next to each other holding hairdryers","Fashion & Beauty"
"https://images.unsplash.com/photo-1711204260059-49e88b829910","unsplash_com_images\a_bottle_of_liquid_sitting_on_top_of_a_red_cloth-0ef3cf8655694007fc0951d7d886c8eb911fcd01.jpg","a bottle of liquid sitting on top of a red cloth","Fashion & Beauty"
"https://images.unsplash.com/photo-1681319556352-f45870af9320","unsplash_com_images\an_open_book_sitting_on_top_of_a_bed_next_to_a_cup_of_coffee-8a8cdbbd04fa6408dcad224526edd0a6d11cbdfd.jpg","an open book sitting on top of a bed next to a cup of coffee","Fashion & Beauty"
"https://images.unsplash.com/photo-1617030556843-d92d31dac66b","unsplash_com_images\white_and_green_box_on_brown_carpet-ada3aac845ae0749670e470669efa2aa1e8e0d56.jpg","white and green box on brown carpet","Fashion & Beauty"
"https://images.unsplash.com/photo-1609535260119-871f70f031d3","unsplash_com_images\white_book_page_with_man_in_black_suit-8fa242b83851f7256dbe42cfeff4574c9a4424a0.jpg","white book page with man in black suit","Editorial,Fashion & Beauty,Architecture & Interiors"
"https://images.unsplash.com/photo-1624256630442-f2991ff09cbe","unsplash_com_images\white_ceramic_angel_figurine_on_brown_wooden_shelf-92465002a94631407d4d2be8000a603210a333ce.jpg","white ceramic angel figurine on brown wooden shelf","Fashion & Beauty"
"https://images.unsplash.com/photo-1612241576744-28c4fbe10b74","unsplash_com_images\three_different_colors_of_fabric_on_a_white_surface-066a2af8ff4157679035d70561d8187d5cd7530a.jpg","three different colors of fabric on a white surface","Editorial,Fashion & Beauty"
"https://images.unsplash.com/photo-1601244817977-b03087e22c64","unsplash_com_images\person_holding_white_ceramic_mug-57e89adb18ed846e83efe6880dd7f67d20f51cf2.jpg","person holding white ceramic mug","Editorial,Fashion & Beauty"
"https://images.unsplash.com/photo-1603974372039-adc49044b6bd","unsplash_com_images\gold_and_purple_gemstone_studded_crown-be06102c75b6e1bf97d55a67ab4fbf0a79881b8b.jpg","gold and purple gemstone studded crown","Fashion & Beauty"
"https://images.unsplash.com/photo-1708860219707-f9e981be62c5","unsplash_com_images\a_pair_of_legs_with_socks_and_flowers_on_a_stool-54d53834c936b0404b7817f9589a588db8d95fba.jpg","a pair of legs with socks and flowers on a stool","Editorial,Fashion & Beauty"
"https://images.unsplash.com/photo-1677680128514-07dacfcfbc38","unsplash_com_images\a_woman_in_a_short_skirt_and_black_shirt-cc07cfd5788bce057e90e79612ec2c84784553b4.jpg","a woman in a short skirt and black shirt","Editorial,Fashion & Beauty"
"https://images.unsplash.com/photo-1690883919609-abcbe906343b","unsplash_com_images\a_woman_in_a_white_dress_standing_in_the_water-10bb347c00d2192e152ec068627fb0173b6cba58.jpg","a woman in a white dress standing in the water","Editorial,Fashion & Beauty"
"https://images.unsplash.com/photo-1709136494584-1c688f45f94c","unsplash_com_images\a_woman_sitting_on_the_ground_in_a_purple_outfit-f4314b5e5403a0841d571f0ef7d0cee8f1aadb94.jpg","a woman sitting on the ground in a purple outfit","Fashion & Beauty"
"https://images.unsplash.com/photo-1709330959861-ffcfa4b9757f","unsplash_com_images\a_close_up_of_a_person_wearing_a_pair_of_earrings-a3959bf2f3a006e297b6dd55351a77c5857a09a0.jpg","a close up of a person wearing a pair of earrings","Fashion & Beauty"
"https://images.unsplash.com/photo-1600361675600-7eea39b41f3b","unsplash_com_images\woman_in_white_and_black_polka_dot_bikini_wearing_brown_sun_hat_standing_on_beach_during-aaace458bf13746f344d6f9a97d1e6f780bc3a31.jpg","woman in white and black polka dot bikini wearing brown sun hat standing on beach during","Editorial,Fashion & Beauty"
"https://images.unsplash.com/photo-1609505018208-2f1c473e8e63","unsplash_com_images\woman_in_black_tank_top_lying_on_the_beach-386f52b2862856140016478178a687e1037a0f25.jpg","woman in black tank top lying on the beach","Editorial,Fashion & Beauty,People"
"https://images.unsplash.com/photo-1711215030677-c686699c74c3","unsplash_com_images\a_little_boy_playing_with_a_ball_in_the_sand-9982a392f2ee793a1703cd95a7056cf31d2258a0.jpg","a little boy playing with a ball in the sand","People"
"https://images.unsplash.com/photo-1711394962777-386f2d11e211","unsplash_com_images\a_woman_standing_in_a_field_holding_a_book-690480e2338595faf158941226e08770e87c5064.jpg","a woman standing in a field holding a book","People"
"https://images.unsplash.com/photo-1710563159982-5102e64ab55d","unsplash_com_images\a_woman_holding_a_stick_and_a_bunch_of_plants-685856fef0a0d525ce24596c1e96f5ae25036334.jpg","a woman holding a stick and a bunch of plants","Street Photography,People"
"https://images.unsplash.com/photo-1711143137427-f5150554c748","unsplash_com_images\a_pregnant_woman_in_a_black_and_white_dress_standing_in_a_field-69da87fe103b02a7147b6a990b68cdd43c1c43de.jpg","a pregnant woman in a black and white dress standing in a field","People"
"https://images.unsplash.com/photo-1711475601873-4c7651b5f6d4","unsplash_com_images\a_woman_wearing_sunglasses_and_a_tie_covering_her_face-7af4895185be0fbe4a4768da1c20906fa432763c.jpg","a woman wearing sunglasses and a tie covering her face","People"
"https://images.unsplash.com/photo-1711473537783-908b0112f384","unsplash_com_images\a_woman_in_a_blue_jacket_and_a_straw_hat_standing_in_front_of_a_large-13907937873dee5a6bd19950b43df9e5b9022955.jpg","a woman in a blue jacket and a straw hat standing in front of a large","Editorial,People,Travel"
"https://images.unsplash.com/photo-1706908432418-03d7600fbb3a","unsplash_com_images\a_woman_sitting_on_a_wooden_bench_next_to_a_body_of_water-2b29ffb0f43a45ca2044b82b37436902862e3786.jpg","a woman sitting on a wooden bench next to a body of water","Editorial,People"
"https://images.unsplash.com/photo-1657293023658-9fe18b59bf86","unsplash_com_images\a_person_standing_in_a_forest-d7424220afa272a02f8c30679d73376c8626c893.jpg","a person standing in a forest","People"
"https://images.unsplash.com/photo-1711126646522-be21d3061feb","unsplash_com_images\a_woman_wearing_a_fur_coat_and_a_fur_hat-d0d82919fe6cbc3080a14688b1b51dabd5bb3ebf.jpg","a woman wearing a fur coat and a fur hat","Editorial,People"
"https://images.unsplash.com/photo-1619538036719-af01c2eb1f41","unsplash_com_images\3_women_sitting_on_brown_sand_playing_guitars_during_daytime-2ef1b82c5c23239c8475e669066ab71b395a13f9.jpg","3 women sitting on brown sand playing guitars during daytime","People"
"https://images.unsplash.com/photo-1477327665424-41aeff75a2e3","unsplash_com_images\two_women_walking_around_near_mountain_at_daytime-259bb89bc303457aa0d2ed5b06747b676939c267.jpg","two women walking around near mountain at daytime","Editorial,People,Friends"
"https://images.unsplash.com/photo-1576913105965-1d0b6a19a482","unsplash_com_images\standing_man_in_dim_room-bdcdc89280f8b50579441a324884846f1df84b2f.jpg","standing man in dim room","Editorial,People,Monochromatic"
"https://images.unsplash.com/photo-1706560627990-cef51892b340","unsplash_com_images\a_young_boy_in_an_orange_jacket_is_holding_a_stick_in_the_woods-b0d1fc2e380c920824fdfdbad75cfff0f08607b4.jpg","a young boy in an orange jacket is holding a stick in the woods","People"
"https://images.unsplash.com/photo-1600384555710-31657932ca4d","unsplash_com_images\woman_in_white_dress_holding_umbrella_during_night_time-8169ac26f402152086b8cd13715be7c49782d528.jpg","woman in white dress holding umbrella during night time","Editorial,People,Experimental"
"https://images.unsplash.com/photo-1616212217207-dcf78fa332d3","unsplash_com_images\woman_in_green_and_white_polka_dot_bikini_lying_on_water-838f41792e406b4b1f3b200072371abb57ddb2be.jpg","woman in green and white polka dot bikini lying on water","Editorial,Health & Wellness,People"
"https://images.unsplash.com/photo-1539000240050-ad3620758ca5","","","Spirituality"
"https://images.unsplash.com/photo-1619218533116-f050e7d91d91","unsplash_com_images\woman_in_black_coat_holding_her_hair-bf9458ce2484e55cb2755dd5fe6de4d9e7d45097.jpg","woman in black coat holding her hair","Editorial,Fashion & Beauty,People"
"https://images.unsplash.com/photo-1623951721656-5ef785985b2e","unsplash_com_images\woman_in_white_long_sleeve_shirt_and_blue_denim_jeans-a761e562f78d3d62a246e3a9394fcfa79dac1be8.jpg","woman in white long sleeve shirt and blue denim jeans","Editorial,Fashion & Beauty,Spirituality"
"https://images.unsplash.com/photo-1631125915902-d8abe9225ff2","unsplash_com_images\3_brown_clay_vases_on_white_concrete_table-3c838951a0dafeaaa96861f7278dcf4ea0c30a0e.jpg","3 brown clay vases on white concrete table","Editorial,Spirituality"
"https://images.unsplash.com/photo-1618308178796-f4dc0a03bab6","unsplash_com_images\woman_in_black_and_white_dress_standing_on_beach_during_sunset-0c97661be4d6da318ce0aee71687ab075b196a87.jpg","woman in black and white dress standing on beach during sunset","Editorial,People,Spirituality"
"https://images.unsplash.com/photo-1711201266711-f4a19fc9835a","unsplash_com_images\the_dome_of_a_building_with_a_tree_in_front_of_it-f83397a932827f27d0c2058e130e7cae28fd4745.jpg","the dome of a building with a tree in front of it","Travel,Spirituality"
"https://images.unsplash.com/photo-1566939028087-c4be299e0593","unsplash_com_images\gray_pen-e1f33612bcac38d35bcce42589ccbe1dad82e8f3.jpg","gray pen","Health & Wellness,Spirituality"
"https://images.unsplash.com/photo-1711244627343-3eebb7f7fe6a","unsplash_com_images\a_bonsai_tree_in_a_rock_garden-3fc591badde0b7cc4030e89f97b883d2f5e1900a.jpg","a bonsai tree in a rock garden","Spirituality"
"https://images.unsplash.com/photo-1709092133783-b69f98264553","unsplash_com_images\a_blurry_photo_of_a_street_light-a89e69da4f3746e8c78b1f0259af89c2f5cbed4b.jpg","a blurry photo of a street light","Spirituality"
"https://images.unsplash.com/photo-1711207469465-e17f3c20c5d7","unsplash_com_images\a_statue_of_a_woman_holding_a_baby_under_water-2b29e3513dd2e0a9f67b01d2c77d284602973bf0.jpg","a statue of a woman holding a baby under water","Editorial,Spirituality"
"https://images.unsplash.com/photo-1708346561250-ea0f8b54bc1c","unsplash_com_images\a_very_tall_colorful_building_with_a_clock_on_its_face-872901df0defcdefeb67c3bdd215180522231754.jpg","a very tall colorful building with a clock on it's face","Spirituality"
"https://images.unsplash.com/photo-1711499406251-6e38d94ac950","unsplash_com_images\a_teddy_bear_sitting_on_a_bench_in_a_church-bf532c7e86f278099269bb63cf5e811c0a619def.jpg","a teddy bear sitting on a bench in a church","Spirituality"
"https://images.unsplash.com/photo-1711267115677-21f5d3aaa479","unsplash_com_images\a_lone_tree_sitting_on_top_of_a_green_hill-9773d2edced8efaf40de5c45880fb91a6dbb0bd9.jpg","a lone tree sitting on top of a green hill","Wallpapers,Spirituality"
"https://images.unsplash.com/photo-1590070302028-b9a00b0c5354","unsplash_com_images\person_holding_white_pink_and_green_floral_paper-413362275da0b5733c820de746714733346ef06d.jpg","person holding white pink and green floral paper","Health & Wellness,Spirituality"
"https://images.unsplash.com/photo-1706641931728-e4f638619352","unsplash_com_images\a_man_with_his_eyes_closed_standing_in_front_of_a_white_wall-4cf7ebdadfcbf2c9f600f3f1be285752a54db485.jpg","a man with his eyes closed standing in front of a white wall","Editorial,People,Spirituality"
"https://images.unsplash.com/photo-1527577988173-b155afeb9497","unsplash_com_images\bird_flying_in_the_air-862b25f89727945c8d8f30f1d479a6423bd5d1c6.jpg","bird flying in the air","Editorial,Street Photography,Animals"
"https://images.unsplash.com/photo-1524309784716-6a4be8299c7f","unsplash_com_images\structure_under_clear_sky-bd8d96993a6d02a56f73cb4de6c8f5f177fe25cd.jpg","structure under clear sky","Editorial,Nature,Spirituality"
"https://images.unsplash.com/photo-1711216798087-df556b37f358","unsplash_com_images\a_group_of_butterflies_sitting_on_top_of_a_sandy_beach-0e7fff194718f87e9955f90c57f2f7dc05902312.jpg","a group of butterflies sitting on top of a sandy beach","Animals,Earth Hour"
"https://images.unsplash.com/photo-1711202279831-9c9adf8186a6","unsplash_com_images\a_cheetah_walking_through_a_grassy_plain-c7e28d059a6354a64d2c3d5b9ac9cb28f91b7c5c.jpg","a cheetah walking through a grassy plain","Animals"
"https://images.unsplash.com/photo-1711376330730-17fb0b237b0a","unsplash_com_images\a_large_white_building_surrounded_by_trees_and_bushes-e088a253a0f52a91879fa0478401c3e0b2453d73.jpg","a large white building surrounded by trees and bushes","Experimental"
"https://images.unsplash.com/photo-1575396570298-05262a20939f","unsplash_com_images\white_gray_and_yellow_petaled_flower_painting-3526f1c5da713795aa374729aa6aa027ae2e6663.jpg","white, gray, and yellow petaled flower painting","Archival"
"https://images.unsplash.com/photo-1564054424966-0f71d8a2ad7c","unsplash_com_images\grey_concrete_building-34e9115db0379581fc7b6d88f725864152134e8e.jpg","grey concrete building","Archival"
"https://images.unsplash.com/photo-1684410767098-ef2450dde421","unsplash_com_images\a_painting_of_rocks_and_water_with_mountains_in_the_background-57bc3e3e20be091000773f92396efd982b049ee2.jpg","a painting of rocks and water with mountains in the background","Editorial,Archival"
"https://images.unsplash.com/photo-1564053051381-5cb91813736b","unsplash_com_images\astronaut_floating-8300779e178dd0b1aef139351a94425fdf8ec40f.jpg","astronaut floating","Editorial,Archival"
"https://images.unsplash.com/photo-1685012851022-9162e60bf642","unsplash_com_images\a_painting_of_white_flowers_in_a_blue_vase-76b6b6a793a818b838a65f23b6c7b06e9acc6827.jpg","a painting of white flowers in a blue vase","Archival"
"https://images.unsplash.com/photo-1632918572991-2827abf1c308","unsplash_com_images\a_person_riding_a_bike_down_a_sidewalk-fdc5076b8508a2ea500806a328c6a50713c3ca64.jpg","a person riding a bike down a sidewalk","Editorial,Archival"
"https://images.unsplash.com/photo-1691064057997-ffe2483ab125","unsplash_com_images\a_black_and_white_photo_of_people_sitting_in_the_desert-ba47dee00179e89e33a20d6954ab672c61994fb3.jpg","a black and white photo of people sitting in the desert","Editorial,Archival"
"https://images.unsplash.com/photo-1711319551794-f9d5afa4e829","unsplash_com_images\a_painting_of_people_walking_on_a_snow_covered_mountain-e5930098bf1aa507c20a9093b1f3c0fa8116452e.jpg","a painting of people walking on a snow covered mountain","Archival"
"https://images.unsplash.com/photo-1688587723340-d6d29d66c473","unsplash_com_images\a_painting_of_a_stream_in_the_snow-b0e473105f8d085314be527160410737148eab65.jpg","a painting of a stream in the snow","Archival"
"https://images.unsplash.com/photo-1575997759385-91739b300cea","unsplash_com_images\soldiers_walking_near_people_at_the_city_photo-19ed4b65af296f63435b3b2ee33ec1f2451c33a7.jpg","soldiers walking near people at the city photo","Editorial,Archival"
"https://images.unsplash.com/photo-1711655803451-889d8bdf11ed","unsplash_com_images\a_black_and_white_drawing_of_two_people-158754da2ce9b434abe437b65bab050c3f310ad4.jpg","a black and white drawing of two people","Archival"
"https://images.unsplash.com/photo-1631630262629-de2325a0f210","unsplash_com_images\a_close_up_of_a_white_object_on_a_black_background-6a52e5d96b07da1798d626b698e11b61861872ff.jpg","a close up of a white object on a black background","Archival"
"https://images.unsplash.com/photo-1582909184893-1492bc753037","unsplash_com_images\white_and_brown_city_buildings_illustration-1adaf33c81470b11668a7a1b4aaa4291adbfb459.jpg","white and brown city buildings illustration","Archival"
"https://images.unsplash.com/photo-1580136607993-fd598cf5c4f5","unsplash_com_images\a_painting_of_two_abstract_shapes_on_a_wall-d0d5436f977fbe6cd8e1fad37e597fac6958386f.jpg","a painting of two abstract shapes on a wall","Editorial,Archival"
"https://images.unsplash.com/photo-1689263131806-e18b11a17993","unsplash_com_images\a_hallway_with_a_staircase_and_two_chairs-1ab7dfa2e2e359abb4d055b5489d8cdbe16213a4.jpg","a hallway with a staircase and two chairs","Archival"
"https://images.unsplash.com/photo-1688224696308-fcd3a9bcae73","unsplash_com_images\a_drawing_of_a_tree_with_a_bird_perched_on_top_of_it-47d5fada7345315e577acb3cc9408bd59f224d20.jpg","a drawing of a tree with a bird perched on top of it","Archival"
"https://images.unsplash.com/photo-1579273166085-f686ab8435b4","unsplash_com_images\brown_bird_painting-5ad7cbb90ccf29fd9ff0967bf3816d4ef9ce8d4e.jpg","brown bird painting","Editorial,Archival"
"https://images.unsplash.com/photo-1687716005193-d54942c75822","unsplash_com_images\a_picture_of_a_painting_of_a_woman_riding_a_horse-1f7421a4ee477aeaec8b4a1560274ef1b3529c75.jpg","a picture of a painting of a woman riding a horse","Archival"
"https://images.unsplash.com/photo-1685648041929-f190ed4ff371","unsplash_com_images\a_painting_of_a_rocky_cliff_by_the_ocean-03fe8804a4f469df3db29a4842f122821d770789.jpg","a painting of a rocky cliff by the ocean","Editorial,Archival"
"https://images.unsplash.com/photo-1681238091934-10fbb34b497a","unsplash_com_images\a_painting_of_an_eagle_flying_over_a_forest-435fee19900a59bcc874c02afa57d1e2ab236108.jpg","a painting of an eagle flying over a forest","Editorial,Archival"
"https://images.unsplash.com/photo-1709286028792-6e973002519c","unsplash_com_images\a_night_view_of_the_gardens_by_the_bay_in_singapore-2f1373941fcf74608132dc3b87016f8e4b467519.jpg","a night view of the gardens by the bay in singapore","Travel,Experimental"
"https://images.unsplash.com/photo-1711435031975-e2d581632d1a","unsplash_com_images\a_bunch_of_red_flowers_that_are_in_the_grass-83f56cc9c03010f3b49da07cce7933a1fd4da341.jpg","a bunch of red flowers that are in the grass","Spring,Experimental,Wallpapers"
"https://images.unsplash.com/photo-1711472390656-354d77fe7936","unsplash_com_images\a_blurry_photo_of_a_street_light_at_night-484182755f2ee8938d4f48d0c3a351efd1cd89bd.jpg","a blurry photo of a street light at night","Experimental"
"https://images.unsplash.com/photo-1711405694181-3f23ca828d6f","unsplash_com_images\a_close_up_of_water_droplets_on_a_blue_surface-2e9f447abcdfaa4efd2346c8dfa7f1c86aa75c23.jpg","a close up of water droplets on a blue surface","Experimental"
"https://images.unsplash.com/photo-1711473609944-68f604e22ecf","unsplash_com_images\a_man_standing_in_front_of_a_blue_background_holding_a_cell_phone-001e866805458f3ede5511664b32c862c4033ee9.jpg","a man standing in front of a blue background holding a cell phone","Experimental"
"https://images.unsplash.com/photo-1711513246752-57b075c8983d","unsplash_com_images\a_close_up_of_a_red_and_white_abstract_painting-a165587182e6b31424d322270f4e79c918703d2b.jpg","a close up of a red and white abstract painting","Experimental"
"https://images.unsplash.com/photo-1702352985343-b4dabb5edc2c","unsplash_com_images\a_blurry_photo_of_a_clock_tower_in_the_night-58ceed474ea43f35a16c0813977091c66aa62ce0.jpg","a blurry photo of a clock tower in the night","Experimental"
"https://images.unsplash.com/photo-1702352860159-262e4ed291e2","unsplash_com_images\a_blurry_photo_of_a_city_at_night-23cfacb9bcf0a758d2de739bf840a5fe3fc46f6b.jpg","a blurry photo of a city at night","Experimental"
"https://images.unsplash.com/photo-1711593896697-fac57d63f5fb","unsplash_com_images\a_blurry_photo_of_trees_in_a_field-977f63a271dd4d658978e02e8f70a19c0dd3c592.jpg","a blurry photo of trees in a field","Experimental"
"https://images.unsplash.com/photo-1568311266052-a16e76542dc2","unsplash_com_images\brick_wall_with_coconut_palm_reflection-4587d454580d03f780f4dee7e176fb929f3e151d.jpg","brick wall with coconut palm reflection","Experimental"
"https://images.unsplash.com/photo-1711479815580-e34d78dd2525","unsplash_com_images\a_pond_with_trees_and_a_bench_in_the_background-b86bdff6041bac3e8481bf955c63e912301ba397.jpg","a pond with trees and a bench in the background","Experimental"
"https://images.unsplash.com/photo-1705320678676-2a031dd6e7fa","unsplash_com_images\a_mirror_reflecting_a_room_with_a_ladder-9e9154f74fe306e28ef9e834b4f32686a4dcbfb1.jpg","a mirror reflecting a room with a ladder","Editorial,Experimental"
"https://images.unsplash.com/photo-1588008984407-6b61d534a3b1","unsplash_com_images\woman_in_white_crew_neck_shirt-99262fc8b4f407f3803a833e7c0b813a6a8d813c.jpg","woman in white crew neck shirt","Experimental"
"https://images.unsplash.com/photo-1616118133760-b7446bd5b2d7","unsplash_com_images\blue_glass_bottle_with_green_liquid-7ed928620bb8cdc98d756b30ac800791b2534ddb.jpg","blue glass bottle with green liquid","Experimental"
"https://images.unsplash.com/photo-1557502689-0e0a2516504a","unsplash_com_images\persons_hand_with_glitters-33a7904632f50de32bd8d878b39388d309f0fb63.jpg","person's hand with glitters","Experimental"
"https://images.unsplash.com/photo-1689275851672-32a8c8d8588e","unsplash_com_images\a_lone_tree_in_a_field_at_night-a48e23226070fd15e2693ed7672e38fe5f153f8c.jpg","a lone tree in a field at night","Editorial,Experimental,Wallpapers"
"https://images.unsplash.com/photo-1525930304537-d98366262d77","unsplash_com_images\person_covered_his_head_with_white_cloth-4c4d973c5382dd90a6f82a6756e1eed976fa27cc.jpg","person covered his head with white cloth","Editorial,Experimental"
"https://images.unsplash.com/photo-1711249566519-86889833ac34","unsplash_com_images\a_couple_of_birds_that_are_standing_in_the_water-73f78d4ae6175565967bc9a691a5daa1099bf939.jpg","a couple of birds that are standing in the water","Animals"
"https://images.unsplash.com/photo-1711348533934-0f2fa5ff17ae","unsplash_com_images\a_rabbit_sitting_next_to_another_rabbit_in_the_dirt-b29b671b47b83bb0e682d23ed78d49ccf17e5857.jpg","a rabbit sitting next to another rabbit in the dirt","Nature,Animals"
"https://images.unsplash.com/photo-1711353964905-3df0815e7527","unsplash_com_images\a_bird_sitting_on_a_branch_of_a_tree-3a4d294405f05698d58ee48d8f35726742292f8a.jpg","a bird sitting on a branch of a tree","Animals"
"https://images.unsplash.com/photo-1711306007116-190aa3b9022c","unsplash_com_images\a_couple_of_flamingos_standing_next_to_each_other-a7cf638321d01d5da4909311e0cf5bc6640ec210.jpg","a couple of flamingos standing next to each other","Animals"
"https://images.unsplash.com/photo-1701669919205-9dd7300df502","unsplash_com_images\a_peacock_with_its_feathers_spread_out_on_a_dirt_road-9cc4bb9dafc2caaf307004cbd6852a0713aaa9c2.jpg","a peacock with its feathers spread out on a dirt road","Animals"
"https://images.unsplash.com/photo-1707397902790-4eb7e40b714d","unsplash_com_images\a_herd_of_elephants_standing_next_to_a_body_of_water-b90d6dd66b3e85689a3e38efddcf69f33f3d2f34.jpg","a herd of elephants standing next to a body of water","Animals"
"https://images.unsplash.com/photo-1708245248056-b71d774931a2","unsplash_com_images\a_couple_of_monkeys_sitting_on_top_of_a_lush_green_field-d7e3ddf6acce282effaeecf88149794049c8ae3d.jpg","a couple of monkeys sitting on top of a lush green field","Animals"
"https://images.unsplash.com/photo-1711627760784-aaf0e5e53d4a","unsplash_com_images\a_large_bird_flying_through_a_blue_sky-485d0e308c65dee1122c69fda91ee0ddf75ccd51.jpg","a large bird flying through a blue sky","Nature,Animals"
"https://images.unsplash.com/photo-1710687048431-0861b83eb1d3","unsplash_com_images\a_cat_is_sitting_on_a_blue_bean_bag-84a618d4c6d1c335f5bd870f70393fb5b76ae410.jpg","a cat is sitting on a blue bean bag","Editorial,Animals"
"https://images.unsplash.com/photo-1710646434776-777e5fc59e64","unsplash_com_images\a_close_up_of_a_parrot_with_a_black_background-3400e8807799dfa70a99d988b1213aa6a80e8b46.jpg","a close up of a parrot with a black background","Editorial,Animals"
"https://images.unsplash.com/photo-1679171915269-07013ad0e524","unsplash_com_images\a_small_dog_wearing_a_jacket_and_pants-f0f445ddad7a0bc6bb46f98ab96fd74cfd4c046c.jpg","a small dog wearing a jacket and pants","Editorial,Animals"
"https://images.unsplash.com/photo-1610729677888-524e341cf3ce","unsplash_com_images\white_stork_perched_on_white_concrete_wall_during_daytime-85681210e97afed1af8fe901b658eb30034b4d63.jpg","white stork perched on white concrete wall during daytime","Animals"
"https://images.unsplash.com/photo-1566586597412-1897010e04fe","unsplash_com_images\dog_carrying_log-3a98e839134202c69c84ff16d01ebbd70412cb49.jpg","dog carrying log","Editorial,Animals"
"https://images.unsplash.com/photo-1503169254633-056c4d77ad5f","unsplash_com_images\wet_black_and_white_dog_near_body_of_water-d220a310df5e362394be3b82a086a7a9706d9773.jpg","wet black and white dog near body of water","Editorial,Animals"
"https://images.unsplash.com/photo-1603632293211-b19a622563b2","unsplash_com_images\person_in_black_jacket_standing_on_snow_covered_ground_during_daytime-4b34d0832e04d4ea63b2a84fe71a05f920dec38d.jpg","person in black jacket standing on snow covered ground during daytime","Editorial,Nature,Animals"
"https://images.unsplash.com/photo-1609385510105-81ae06198c53","unsplash_com_images\group_of_penguins_standing_on_white_snow_covered_ground_near_body_of_water_during_daytime-c68a1f228c891151837aac94fae295aaf755498c.jpg","group of penguins standing on white snow covered ground near body of water during daytime","Animals"
"https://images.unsplash.com/photo-1711359756760-46b1fc99a0b4","unsplash_com_images\a_row_of_arches_on_the_side_of_a_building-ed84e355cbe961f37ad7acf1ce72bc1f0f4deb0f.jpg","a row of arches on the side of a building","Street Photography,Film,Architecture & Interiors"
"https://images.unsplash.com/photo-1711359756880-76c526de5eed","unsplash_com_images\a_building_with_a_large_window_and_a_lamp_on_the_outside_of_it-4c59a1227840919f0f37eddd61a95be97c7c205e.jpg","a building with a large window and a lamp on the outside of it","Editorial,Street Photography,Film"
"https://images.unsplash.com/photo-1650980755954-aa13670370cd","unsplash_com_images\background_pattern-2429938ee6f00e0dfac576050b3229aae7f27ac6.jpg","background pattern","Editorial,Textures & Patterns"
"https://images.unsplash.com/photo-1711368051128-53cd625db3be","unsplash_com_images\a_man_walking_down_a_street_next_to_a_tall_building-a13c427b64a47d39f02e668b3c123fa752d13abc.jpg","a man walking down a street next to a tall building","Street Photography"
"https://images.unsplash.com/photo-1630439491086-7d7f801e9a4a","unsplash_com_images\brown_and_white_plant_during_daytime-2dbe21dfeff59a3963013e172cd86c0f700c97d6.jpg","brown and white plant during daytime","Editorial,Textures & Patterns"
"https://images.unsplash.com/photo-1650393771173-73b07d3fe9f2","unsplash_com_images\a_brown_abstract_background_with_wavy_lines-d6d1eb1864f5656ea15bc6f1f23be121c2165199.jpg","a brown abstract background with wavy lines","Editorial,Textures & Patterns"
"https://images.unsplash.com/photo-1711336399082-2fee0567c48c","unsplash_com_images\a_blurry_photo_of_a_forest_with_red_trees-eceb0a2f5302ef4e46ec949905ad1a8fae9b5fc7.jpg","a blurry photo of a forest with red trees","Textures & Patterns"
"https://images.unsplash.com/photo-1711359756784-dc1f8d616b07","unsplash_com_images\a_window_with_a_white_curtain_and_a_cat_sitting_on_the_window_sill-f78e4adf47d7f30ffc86ed303bb4072910f00014.jpg","a window with a white curtain and a cat sitting on the window sill","Film,Spirituality,Textures & Patterns"
"https://images.unsplash.com/photo-1711381712327-19b9ab9d7d45","unsplash_com_images\a_pile_of_rocks_sitting_on_top_of_a_beach-e539212f888bd35ba5fb001d9d4aeca3b8253cdf.jpg","a pile of rocks sitting on top of a beach","Textures & Patterns"
"https://images.unsplash.com/photo-1711472390696-581c8f7f3453","unsplash_com_images\a_blurry_photo_of_a_street_light_at_night-db0d0d4274f055d06fb69c147fb808bb4531d25b.jpg","a blurry photo of a street light at night","Textures & Patterns"
"https://images.unsplash.com/photo-1503924087716-07cbd5f49b21","unsplash_com_images\snow_capped_mountain_during_golden_hour-4cfda231a1d7f0440f1c739a24e7408afa2bc909.jpg","snow capped mountain during golden hour","Editorial,Textures & Patterns"
"https://images.unsplash.com/photo-1472847720459-21ede812f22a","unsplash_com_images\No_text_overlay_on_red_background-0fa782c3584edfca01a62b932964e3b252483de0.jpg","No text overlay on red background","Editorial,Textures & Patterns"
"https://images.unsplash.com/photo-1559255244-34f2765f07c4","unsplash_com_images\white_and_red_fluid-637440272bf69909f878f5ff18aaa9e7f315b1a7.jpg","white and red fluid","Editorial,Textures & Patterns"
"https://images.unsplash.com/photo-1615401318973-c78255cc9562","unsplash_com_images\red_and_black_abstract_painting-df016d0dfb0ec71372eb89ddc6a199770633471a.jpg","red and black abstract painting","Editorial,Experimental,Wallpapers"
"https://images.unsplash.com/photo-1563724221558-dbd98d65d294","unsplash_com_images\red_glass_wall-c2af65a0773464ac3d4490c865f6c79a7a45e009.jpg","red glass wall","Textures & Patterns"
"https://images.unsplash.com/photo-1582687200011-7dc05f8b813e","unsplash_com_images\water_droplets_on_green_leaf-b006553bedbdd76f37b08135562abd865341042e.jpg","water droplets on green leaf","Editorial,Textures & Patterns"
"https://images.unsplash.com/photo-1532995603279-9cdbf5621671","unsplash_com_images\a_pink_wall_with_vertical_lines_on_it-66b6ad8360c08b836bb742e744db8b161c8422da.jpg","a pink wall with vertical lines on it","Editorial,Textures & Patterns"
"https://images.unsplash.com/photo-1569484847522-c6d837b6b02f","unsplash_com_images\green_cactus-f6c7e8ed0fca69c06ca64de147f0b22f4f71fcd6.jpg","green cactus","Editorial,Nature,Textures & Patterns"
"https://images.unsplash.com/photo-1582583642747-45910b2147aa","unsplash_com_images\white_soccer_goal_net_on_green_grass_field-c220de28590982584b7c9527ad6214252f915dc6.jpg","white soccer goal net on green grass field","Editorial,Textures & Patterns"
"https://images.unsplash.com/photo-1541450805268-4822a3a774ca","unsplash_com_images\a_close_up_of_a_pink_and_white_background-9df00ccce8f9a83f6d00308b53d8469e738a1f3e.jpg","a close up of a pink and white background","Editorial,Wallpapers,Textures & Patterns"
"https://images.unsplash.com/photo-1711465582458-54909c517a2a","unsplash_com_images\a_crowd_of_people_walking_across_a_street_at_night-23fe1b68e74b3e75d2093c600c597e03011185b4.jpg","a crowd of people walking across a street at night","Street Photography"
"https://images.unsplash.com/photo-1711380501743-0935c2a1b033","unsplash_com_images\a_black_and_white_photo_of_a_restaurant-99aab3189252f862010efa5fba7cd93fd6ebc28f.jpg","a black and white photo of a restaurant","Street Photography"
"https://images.unsplash.com/photo-1711378153023-49097252494c","unsplash_com_images\a_man_riding_a_bike_down_a_street_next_to_tall_buildings-94ca68194d0f1b6da455471f7af18a962f6ee3ed.jpg","a man riding a bike down a street next to tall buildings","Street Photography"
"https://images.unsplash.com/photo-1711384509415-cd7b16eb4bf1","unsplash_com_images\a_city_intersection_with_a_bus_and_a_truck-5750341e7ab8f37f3cc2b3b0ea5b65e5c52f5447.jpg","a city intersection with a bus and a truck","Street Photography"
"https://images.unsplash.com/photo-1711539925035-782df0a7ce5e","unsplash_com_images\a_narrow_city_street_at_night_with_neon_lights-8775016338ea375d7ac343f3204f87af6e698de9.jpg","a narrow city street at night with neon lights","Street Photography"
"https://images.unsplash.com/photo-1711380558439-f9b5e07e2f90","unsplash_com_images\a_double_decker_bus_driving_down_a_street-799068703e9395d8a63afad894bc2110e5961e88.jpg","a double decker bus driving down a street","Editorial,Street Photography"
"https://images.unsplash.com/photo-1711386995822-158585ea1b30","unsplash_com_images\a_couple_of_women_walking_across_a_parking_lot-7a7f2ab3b813370489fc0210070b518f4fdb489c.jpg","a couple of women walking across a parking lot","Street Photography"
"https://images.unsplash.com/photo-1711279016795-389ff47ffc93","unsplash_com_images\a_large_yellow_rubber_duck_floating_on_top_of_a_body_of_water-c71a847266ac11f14c59cb0692437f2541bfe271.jpg","a large yellow rubber duck floating on top of a body of water","Street Photography"
"https://images.unsplash.com/photo-1708725724162-b3ec8b0acc24","unsplash_com_images\a_group_of_people_standing_under_umbrellas_under_a_building-45ca16d0b5745b38b764d76d7a7c6cc21630f1bd.jpg","a group of people standing under umbrellas under a building","Street Photography,Travel"
"https://images.unsplash.com/photo-1711609605845-8b783ec432f5","unsplash_com_images\a_man_riding_a_motorcycle_down_a_street_next_to_a_river-272058c5b216f43eadd81ebbd6102b008ff438c0.jpg","a man riding a motorcycle down a street next to a river","Street Photography"
"https://images.unsplash.com/photo-1708725805654-287ed8e7b70d","unsplash_com_images\a_tall_building_lit_up_at_night_with_a_sky_background-4d4e040feef35e3fc6a5ad1a1d1b72f7b093cfdc.jpg","a tall building lit up at night with a sky background","Street Photography,Travel"
"https://images.unsplash.com/photo-1708725596153-bdffff94d35b","unsplash_com_images\a_group_of_people_walking_down_a_street_under_umbrellas-ab28bc03040760e3b135b660192a80194dd90554.jpg","a group of people walking down a street under umbrellas","Street Photography"
"https://images.unsplash.com/photo-1711612809059-b7b1d270695f","unsplash_com_images\a_city_street_filled_with_lots_of_tall_buildings-3e3c3e138763d88fae663c708904418b1b92787f.jpg","a city street filled with lots of tall buildings","Street Photography"
"https://images.unsplash.com/photo-1711605536037-eb9c2b42235c","unsplash_com_images\a_woman_carrying_a_white_tote_bag_with_the_word_love_on_it-d94c634c364f8b33fc36a569867d95b2f3107f5c.jpg","a woman carrying a white tote bag with the word love on it","Street Photography"
"https://images.unsplash.com/photo-1711637720126-693a567b4a1d","unsplash_com_images\a_person_walking_with_a_skateboard_in_their_hand-e2a8dea4ec7b55a17f2ec2eb3cf5c5cbcacddc9d.jpg","a person walking with a skateboard in their hand","Street Photography"
"https://images.unsplash.com/photo-1711458174536-f36ce10eeeb2","unsplash_com_images\a_man_walking_down_a_street_next_to_tall_white_poles-4356d1e2505a5701a70bfd9f1a30840c46fdb127.jpg","a man walking down a street next to tall white poles","Street Photography"
"https://images.unsplash.com/photo-1711458321920-dbbca0fcaa28","unsplash_com_images\a_shadow_of_a_building_on_a_sidewalk-97e0a577d668522f5e0bdbdf12f5b5ca5fe4b2fc.jpg","a shadow of a building on a sidewalk","Street Photography"
"https://images.unsplash.com/photo-1711550184194-71c7b6a1879d","unsplash_com_images\a_phone_booth_on_the_side_of_a_building-c3d43f4c499596668e3a1a21f8f7e2d744d7a3d8.jpg","a phone booth on the side of a building","Street Photography"
"https://images.unsplash.com/photo-1711665093719-ccab5f62ccbf","unsplash_com_images\a_group_of_people_sitting_on_a_bench_in_front_of_a_building-61009f01e16fe0b209de161f6790292871c68f84.jpg","a group of people sitting on a bench in front of a building","Street Photography"
"https://images.unsplash.com/photo-1711369779285-5cd3dec084f1","unsplash_com_images\a_car_parked_in_front_of_a_tree_with_white_flowers-a65fe6edd9cbd6fa0e2ba1e766608b3ffe73e5bb.jpg","a car parked in front of a tree with white flowers","Street Photography,Film"
"https://images.unsplash.com/photo-1710146533707-4810e2c80bfd","unsplash_com_images\an_orange_car_parked_on_the_side_of_the_road-40960a92ada35874743835c5f1407b02b93e0c68.jpg","an orange car parked on the side of the road","Film"
"https://images.unsplash.com/photo-1711436470690-cf49602d1cf1","unsplash_com_images\a_town_with_a_clock_tower_on_top_of_a_hill-3b9a3124efab7fa0470b9c729825582daad3fec8.jpg","a town with a clock tower on top of a hill","Editorial,Film"
"https://images.unsplash.com/photo-1711436337169-7755e340728e","unsplash_com_images\a_car_parked_in_front_of_a_barn-c67cb329ac4e0b36cfb3b27118919057050dc0cc.jpg","a car parked in front of a barn","Film"
"https://images.unsplash.com/photo-1711436337202-bb893cd38ebe","unsplash_com_images\a_close_up_of_the_front_end_of_a_black_vw_bug-dc495598f05709dd91010db3a86b42ac98206789.jpg","a close up of the front end of a black vw bug","Film"
"https://images.unsplash.com/photo-1711392182703-4833dd126b52","unsplash_com_images\a_black_and_white_photo_of_a_beach-655fbfa0626ec0dc6399c0904195a2eb92f869c3.jpg","a black and white photo of a beach","Film"
"https://images.unsplash.com/photo-1711243151686-1286c607bd30","unsplash_com_images\an_old_black_and_white_photo_of_a_construction_site-dee6426ccf463ed92021127b65b02efbcefef2c4.jpg","an old black and white photo of a construction site","Film"
"https://images.unsplash.com/photo-1711395596239-86e73b9ee21c","unsplash_com_images\a_group_of_people_walking_down_a_street_next_to_tall_buildings-35355859d1244c3bb61e2b8896875ada939c6100.jpg","a group of people walking down a street next to tall buildings","Film"
"https://images.unsplash.com/photo-1710520353183-52bf7769a82a","unsplash_com_images\a_woman_standing_in_front_of_a_neon_sign-16166e0467c028c3b2ef3edd22cb6a8127991302.jpg","a woman standing in front of a neon sign","Editorial,Film"
"https://images.unsplash.com/photo-1711448162589-3f73e2826131","unsplash_com_images\a_woman_sitting_on_a_ledge_with_a_coat_over_her_shoulders-9bd6f151bc541408d40284d5d4edb6375b614895.jpg","a woman sitting on a ledge with a coat over her shoulders","Editorial,Film"
"https://images.unsplash.com/photo-1711343777918-6d395c16e37f","unsplash_com_images\a_long_hallway_with_pictures_on_the_walls-a44d18e97188c53c924d0c630d3d39b8c5453e96.jpg","a long hallway with pictures on the walls","Film"
"https://images.unsplash.com/photo-1711505913895-bacb52506b7d","unsplash_com_images\a_person_sitting_on_a_bench_near_a_body_of_water-027f518f9a39d51836fdfa67b44f1cdcecfbc0e1.jpg","a person sitting on a bench near a body of water","Film"
"https://images.unsplash.com/photo-1711528530121-0175fa8bb135","unsplash_com_images\a_flock_of_birds_flying_over_a_sandy_beach-b1e9235444c0fd0156daa0ed043d2a2ad9eb267f.jpg","a flock of birds flying over a sandy beach","Film"
"https://images.unsplash.com/photo-1711528530087-10b84f3d10e8","unsplash_com_images\a_branch_with_pink_flowers_on_it_against_a_blue_sky-8710de5420ca60d3e9d483648896d037fd4a7f49.jpg","a branch with pink flowers on it against a blue sky","Film"
"https://images.unsplash.com/photo-1706017261847-a1a40f038d30","unsplash_com_images\a_gas_station_at_night_with_snow_on_the_ground-6f63904c8d8812d4e781fb4f0b6f14f70d44b9e4.jpg","a gas station at night with snow on the ground","Editorial,Film"
"https://images.unsplash.com/photo-1711637750588-81d0622f8c9f","unsplash_com_images\a_bunch_of_flowers_that_are_on_a_bush-5b83ce06985c0462c06c64405fc1589da6c8004d.jpg","a bunch of flowers that are on a bush","Film"
"https://images.unsplash.com/photo-1711346254170-8ddc8c6ee786","unsplash_com_images\a_large_white_building_with_a_steeple_on_top-d6f1a39b711605be6a7d0d070f0dfc4dcb75f31e.jpg","a large white building with a steeple on top","Editorial,Travel,Architecture & Interiors"
"https://images.unsplash.com/photo-1653992970354-70b512dea3a1","unsplash_com_images\a_group_of_people_standing_outside_of_a_restaurant-2689faf837d9f7650b9f360a8995e880e00eaba5.jpg","a group of people standing outside of a restaurant","Editorial,Film"
"https://images.unsplash.com/photo-1711409662593-8888417d09c4","unsplash_com_images\a_church_with_a_steeple_and_a_cross_on_top-ea483fd2250bbb9a3a3965c1d75c292ae00ecbf3.jpg","a church with a steeple and a cross on top","Architecture & Interiors"
"https://images.unsplash.com/photo-1711448150425-732bbee2bf93","unsplash_com_images\a_close_up_of_a_wooden_door_with_a_handle-21861fa61a644b0be0ab82158c311579f474400e.jpg","a close up of a wooden door with a handle","Architecture & Interiors"
"https://images.unsplash.com/photo-1711470623168-885d5b054e57","unsplash_com_images\a_group_of_buildings_that_are_next_to_a_body_of_water-0cfe94e11bd15f062fcc1babe2eac564cdb24f0c.jpg","a group of buildings that are next to a body of water","Travel,Architecture & Interiors"
"https://images.unsplash.com/photo-1711490553928-d4dea553ba79","unsplash_com_images\a_tall_building_with_a_tower_on_top_of_it-766b0e6dd89a15fd30af642ed0f02440ed04afc9.jpg","a tall building with a tower on top of it","Architecture & Interiors"
"https://images.unsplash.com/photo-1711486249598-dea6968a19ba","unsplash_com_images\a_very_tall_building_with_a_lot_of_windows-382498b03f8224577078521943a934785ec2f3a5.jpg","a very tall building with a lot of windows","Architecture & Interiors"
"https://images.unsplash.com/photo-1711296274829-4eb7e91d46eb","unsplash_com_images\a_white_building_with_a_window_and_a_white_door-442131915b26a121bacfad04d8051279a94b5f28.jpg","a white building with a window and a white door","Architecture & Interiors"
"https://images.unsplash.com/photo-1711616513779-93e1d11caf7d","unsplash_com_images\a_bedroom_with_a_bed_and_a_window_in_it-b46ad700a6d82aad884333053f613f9f72682719.jpg","a bedroom with a bed and a window in it","Architecture & Interiors"
"https://images.unsplash.com/photo-1711377785726-47c7dd8773ff","unsplash_com_images\a_green_car_parked_in_front_of_a_building-5da277722a4db3454a02332e84626a2fb0553b25.jpg","a green car parked in front of a building","Editorial,Travel,Architecture & Interiors"
"https://images.unsplash.com/photo-1710674293279-962ca4a5be7a","unsplash_com_images\a_tall_building_with_balconies_and_balconies_on_the_balconies-56f9dd46a08afee6f0b6e33144e207b8d81fa7e5.jpg","a tall building with balconies and balconies on the balconies","Editorial,Architecture & Interiors"
"https://images.unsplash.com/photo-1711332034248-890126173f9a","unsplash_com_images\a_very_tall_building_with_a_plane_flying_in_the_sky-24c4d9a1a0210bd391b691c1eab8ae152723fa42.jpg","a very tall building with a plane flying in the sky","Architecture & Interiors"
"https://images.unsplash.com/photo-1711383230426-1de085ab1c89","unsplash_com_images\an_aerial_view_of_a_city_with_tall_buildings-03f0ae369b1222d45e7fbb694cf5e142090705d5.jpg","an aerial view of a city with tall buildings","Editorial,Architecture & Interiors"
"https://images.unsplash.com/photo-1711406321201-1a2f7ed2a028","unsplash_com_images\a_tall_building_with_a_sign_on_top_of_it-2c9774365fa25ac4112537a0602dac71b411778d.jpg","a tall building with a sign on top of it","Architecture & Interiors"
"https://images.unsplash.com/photo-1710667807482-08bd436897f1","unsplash_com_images\a_white_and_blue_building_with_a_blue_dome-c8024ed2b47529008e026faf733da72f24e78ca0.jpg","a white and blue building with a blue dome","Architecture & Interiors"
"https://images.unsplash.com/photo-1711510092449-34a35e56e847","unsplash_com_images\looking_up_at_the_sky_from_between_two_buildings-2769cbf4c95dd2f91aa4d377533ea4c2368400df.jpg","looking up at the sky from between two buildings","Editorial,Architecture & Interiors"
"https://images.unsplash.com/photo-1710566293938-f4bbebc23e93","unsplash_com_images\a_blue_house_with_a_white_door_and_window-9cd1d346bba356312dfe5d7788dd768eff0d0a33.jpg","a blue house with a white door and window","Architecture & Interiors"
"https://images.unsplash.com/photo-1684457718740-190e844d5cb2","unsplash_com_images\a_group_of_people_riding_horses_in_front_of_a_pyramid-bb8cf4ed5308cbf368987a76272707ae4b137b55.jpg","a group of people riding horses in front of a pyramid","Editorial,Travel"
"https://images.unsplash.com/photo-1583105838122-b206fbb5bd7c","unsplash_com_images\cars_on_road_near_buildings_during_night_time-e34b0038539debb41483f80087049a6cb16379ff.jpg","cars on road near buildings during night time","Travel"
"https://images.unsplash.com/photo-1648424829375-87e10f6c9603","unsplash_com_images\an_artists_rendering_of_a_distant_object_in_space-ab2e27cc65381f4342034a5012360951a46a70a2.jpg","an artist's rendering of a distant object in space","3D Renders"
"https://images.unsplash.com/photo-1708006252090-e5db494aa373","unsplash_com_images\a_tall_building_sitting_next_to_a_lush_green_forest-6c68fd86d665a26be44baa6580d6b7397fdfe42a.jpg","a tall building sitting next to a lush green forest","Editorial,Travel"
"https://images.unsplash.com/photo-1709653688483-fc2b356c1f36","unsplash_com_images\a_black_and_white_photo_of_a_man_with_his_head_in_his_hands-de251b2d3619c5d481277c61a862ab82327ba91c.jpg","a black and white photo of a man with his head in his hands","Editorial,3D Renders"
"https://images.unsplash.com/photo-1710401421451-bc096d4667f5","unsplash_com_images\a_very_large_mirror_that_is_reflecting_its_reflection-864b983fdb3237d0afae0948d488acc959f02047.jpg","a very large mirror that is reflecting it's reflection","Editorial,3D Renders"
"https://images.unsplash.com/photo-1710186753218-9d0a082837e2","unsplash_com_images\a_black_and_white_photo_of_a_wall-3686f5a4c2759768d48121e49d523d38d061c87f.jpg","a black and white photo of a wall","Editorial,3D Renders,Black & White"
"https://images.unsplash.com/photo-1709668158984-bbc772f96143","unsplash_com_images\a_black_and_white_photo_of_a_group_of_trees-91bafeb35e4271ff0f1f01816ab1c17a528924e6.jpg","a black and white photo of a group of trees","3D Renders"
"https://images.unsplash.com/photo-1703532764413-3f83302b8e36","unsplash_com_images\a_black_and_white_photo_of_a_circular_object-7c21f72c21ccc177ebe66e15c21d3555da29ac0e.jpg","a black and white photo of a circular object","3D Renders"
"https://images.unsplash.com/photo-1705562287725-c84869f475b8","unsplash_com_images\a_black_and_white_photo_of_metal_bars-8dc1f82b89bb2e18b0fd42c69b59ce9def468b89.jpg","a black and white photo of metal bars","3D Renders"
"https://images.unsplash.com/photo-1685804575681-1256a2749223","unsplash_com_images\a_bunch_of_shiny_balls_in_the_dark-bba22a08cec3bbce2e1dc12eea681889c25e73c7.jpg","a bunch of shiny balls in the dark","3D Renders"
"https://images.unsplash.com/photo-1705490899854-2e4b15a0c811","unsplash_com_images\a_black_and_white_photo_of_a_number_of_metal_objects-a33333ff4bfc8983b491680a785bb2302a9511d8.jpg","a black and white photo of a number of metal objects","3D Renders"
"https://images.unsplash.com/photo-1683560660669-6be33568035e","unsplash_com_images\a_computer_screen_with_lines_and_dots_on_it-28a11d90070057ddae06fd8a9e1123d3881544fb.jpg","a computer screen with lines and dots on it","3D Renders"
"https://images.unsplash.com/photo-1698920717731-6819a3de9739","unsplash_com_images\a_close_up_of_a_black_object_on_a_black_background-d4deb6b06acaac6f120b6bdc69532e604b8f5055.jpg","a close up of a black object on a black background","3D Renders"
"https://images.unsplash.com/photo-1658487476799-cbe258fa344d","unsplash_com_images\a_blue_and_pink_logo-0ed3dd83a2d964e23af1ef8aeb3efc494badfa1f.jpg","a blue and pink logo","Editorial,3D Renders"
"https://images.unsplash.com/photo-1678282514430-1350ec121314","unsplash_com_images\an_abstract_black_background_with_curves_and_curves-8451a574b6aa9c94d6b5842a879b86a8866a9936.jpg","an abstract black background with curves and curves","Editorial,3D Renders"
"https://images.unsplash.com/photo-1698685425028-49105e29e793","unsplash_com_images\a_close_up_of_a_flower_on_a_black_background-8145d7151288bfe6986c4a5dfcda1b933f9caccd.jpg","a close up of a flower on a black background","Editorial,3D Renders"
"https://images.unsplash.com/photo-1650800543888-9ef964fc33d2","unsplash_com_images\background_pattern-5536cb400d91e5a10645252b8d8d7f3d37d096b1.jpg","background pattern","3D Renders,Textures & Patterns"
"https://images.unsplash.com/photo-1637806631554-bcfe2c618058","unsplash_com_images\a_red_background_with_a_bunch_of_white_arrows-9ee46fb503a2c1e7708e1ecb33ed129cbd1c305d.jpg","a red background with a bunch of white arrows","3D Renders"
"https://images.unsplash.com/photo-1583006474083-656a864e9a78","unsplash_com_images\golden_gate_bridge_san_francisco_california-f6b4cca222f12b9da20e4666d3f9e6dfff0a698e.jpg","golden gate bridge san francisco california","Travel"
"https://images.unsplash.com/photo-1566334003641-fbbc33f194d0","unsplash_com_images\gray_Renault_van_on_hill-633d7b1af2d8777d4a4ae9404c8cf6d52c377d77.jpg","gray Renault van on hill","Editorial,Nature,Travel"
"https://images.unsplash.com/photo-1518410240146-36aeeed0e4f9","unsplash_com_images\aerial_photography_of_trees_distance_with_white_mountains-359dfe9567ab3226e99e3b2b695258a03b141e75.jpg","aerial photography of trees distance with white mountains","Editorial,Nature,Travel"
"https://images.unsplash.com/photo-1621962532000-837e33bad827","unsplash_com_images\blue_and_brown_boat_on_brown_wooden_dock_during_daytime-80f7fe4132481360094859b97d57d669ff8584f5.jpg","blue and brown boat on brown wooden dock during daytime","Travel"
"https://images.unsplash.com/photo-1492502014314-f5522cae92a6","unsplash_com_images\landscape_photo_of_castle_near_the_mountain-1ae14fb90e11bf7af6cfbd7c84b702faf2be3ae7.jpg","landscape photo of castle near the mountain","Editorial,Travel,Wallpapers"
"https://images.unsplash.com/photo-1567713002938-648baf71966e","unsplash_com_images\silhouette_of_person_standing_on_desert-d0f7a48ad304320c8164a433a23c91d10fe1c1f8.jpg","silhouette of person standing on desert","Editorial,Nature,Travel"
"https://images.unsplash.com/photo-1515335430254-d5d6b8d65391","unsplash_com_images\rule_of_thirds_photography_of_lighthouse-f93fb6731cef591643aee6181780d1bd63ec7dd2.jpg","rule of thirds photography of lighthouse","Editorial,Nature,Travel"
"https://images.unsplash.com/photo-1516439512383-63ada75f16df","unsplash_com_images\rock_formation_coated_with_snow_under_orange_sky-a9d6e4016a3b6e2ba7e6ffec608c41efc11d5c2d.jpg","rock formation coated with snow under orange sky","Editorial,Nature,Travel"
"https://images.unsplash.com/photo-1547460719-5bb9d93c46e3","unsplash_com_images\silhouette_of_bridge-442d019d2b725b585dc54ecc55794eeace5c5d4d.jpg","silhouette of bridge","Editorial,Travel,Wallpapers"
"https://images.unsplash.com/photo-1534670053436-88d7fd4a8f96","unsplash_com_images\photo_of_pink_building_with_yellow_door_curtain-1e489adc03df9152cb9c0685c015705193033d7d.jpg","photo of pink building with yellow door curtain","Editorial,Travel"
"https://images.unsplash.com/photo-1547219160-49461e71c5fe","unsplash_com_images\green_car_on_road-0e509155045dc9e0d0b0834c20248fd7684d0e9b.jpg","green car on road","Travel"
"https://images.unsplash.com/photo-1585546250005-83b887856883","unsplash_com_images\blue_wooden_house_near_body_of_water_during_daytime-d2cb78449b98c5f9546b03b1ae33c2ef6323ef2d.jpg","blue wooden house near body of water during daytime","Travel"
"https://images.unsplash.com/photo-1704929879909-2a972afed576","unsplash_com_images\a_group_of_sand_dunes_with_a_blue_sky_in_the_background-4e5f1187c7e81eb8a3f11c3e2cdc768c20b86516.jpg","a group of sand dunes with a blue sky in the background","Nature,Travel,Wallpapers"
"https://images.unsplash.com/photo-1703769605311-a8a837521cbb","unsplash_com_images\a_blue_lake_surrounded_by_trees_in_the_middle_of_a_forest-b0a8ade30a4f6eaec092d032fb934fc63c23a607.jpg","a blue lake surrounded by trees in the middle of a forest","Editorial,Nature,Travel"
